{
  "fold": 8,
  "epochs": [
    {
      "epoch": 1,
      "val_acc": 0.6303136294741751,
      "macro_f1": 0.5295372482270676,
      "balanced_acc": 0.5618524735150336,
      "baseline_acc": 0.5738603241226536,
      "log_loss": 0.7717828154563904,
      "brier": 0.43915650248527527,
      "ece": 0.0804602277755626,
      "precision": {
        "short_win": 0.381,
        "timeout": 0.9296,
        "long_win": 0.3242
      },
      "recall": {
        "short_win": 0.7152,
        "timeout": 0.76,
        "long_win": 0.2103
      },
      "support": {
        "short_win": 8881,
        "timeout": 24610,
        "long_win": 9394
      },
      "pred_dist": {
        "short_win": 0.3887,
        "timeout": 0.4691,
        "long_win": 0.1421
      },
      "win_precision": 0.7405341298427479,
      "win_recall": 0.9225170998632011,
      "win_f1": 0.8215686752272118,
      "expected_value": 0.001384459281384521,
      "filtered_ev": 0.004044444444444444,
      "risk_adjusted_ev": 0.5737443757420652
    },
    {
      "epoch": 2,
      "val_acc": 0.7023901130931561,
      "macro_f1": 0.6164581380318729,
      "balanced_acc": 0.6237491636387014,
      "baseline_acc": 0.5433834674128483,
      "log_loss": 0.6247168779373169,
      "brier": 0.35469698905944824,
      "ece": 0.08310372962656454,
      "precision": {
        "short_win": 0.4511,
        "timeout": 0.9826,
        "long_win": 0.4264
      },
      "recall": {
        "short_win": 0.6112,
        "timeout": 0.8723,
        "long_win": 0.3877
      },
      "support": {
        "short_win": 9852,
        "timeout": 23303,
        "long_win": 9730
      },
      "pred_dist": {
        "short_win": 0.3113,
        "timeout": 0.4824,
        "long_win": 0.2063
      },
      "win_precision": 0.8659789170195513,
      "win_recall": 0.9816668368910224,
      "win_f1": 0.9202010531354716,
      "expected_value": 0.0018882692134426524,
      "filtered_ev": -0.0019384615384615384,
      "risk_adjusted_ev": -0.3637306695894642
    },
    {
      "epoch": 3,
      "val_acc": 0.6907077066573394,
      "macro_f1": 0.5498499891955188,
      "balanced_acc": 0.6167662597180649,
      "baseline_acc": 0.5444327853561851,
      "log_loss": 0.6689715385437012,
      "brier": 0.37362056970596313,
      "ece": 0.0796159331769644,
      "precision": {
        "short_win": 0.4397,
        "timeout": 0.9985,
        "long_win": 0.341
      },
      "recall": {
        "short_win": 0.9189,
        "timeout": 0.8427,
        "long_win": 0.0886
      },
      "support": {
        "short_win": 9892,
        "timeout": 23348,
        "long_win": 9645
      },
      "pred_dist": {
        "short_win": 0.482,
        "timeout": 0.4595,
        "long_win": 0.0585
      },
      "win_precision": 0.8415807411881444,
      "win_recall": 0.998464452065312,
      "win_f1": 0.9133345818896901,
      "expected_value": 0.0018278786832909095,
      "filtered_ev": 0.0038857142857142853,
      "risk_adjusted_ev": 0.5501470877700054
    },
    {
      "epoch": 4,
      "val_acc": 0.7175935641832809,
      "macro_f1": 0.58684576364258,
      "balanced_acc": 0.6376787514395194,
      "baseline_acc": 0.5425673312346975,
      "log_loss": 0.5918006300926208,
      "brier": 0.33629071712493896,
      "ece": 0.07610978593814618,
      "precision": {
        "short_win": 0.4648,
        "timeout": 0.9923,
        "long_win": 0.4058
      },
      "recall": {
        "short_win": 0.8752,
        "timeout": 0.8932,
        "long_win": 0.1446
      },
      "support": {
        "short_win": 9792,
        "timeout": 23268,
        "long_win": 9825
      },
      "pred_dist": {
        "short_win": 0.43,
        "timeout": 0.4884,
        "long_win": 0.0817
      },
      "win_precision": 0.8867417164213117,
      "win_recall": 0.9917928327471071,
      "win_f1": 0.9363299485057027,
      "expected_value": 0.0019966546647828265,
      "filtered_ev": 0.0096,
      "risk_adjusted_ev": 9600.0
    },
    {
      "epoch": 5,
      "val_acc": 0.7274804710271656,
      "macro_f1": 0.6306499069558306,
      "balanced_acc": 0.6467899430127314,
      "baseline_acc": 0.544152967237962,
      "log_loss": 0.5694255232810974,
      "brier": 0.32467618584632874,
      "ece": 0.06861959634244728,
      "precision": {
        "short_win": 0.4744,
        "timeout": 0.9942,
        "long_win": 0.4537
      },
      "recall": {
        "short_win": 0.7205,
        "timeout": 0.9011,
        "long_win": 0.3188
      },
      "support": {
        "short_win": 9802,
        "timeout": 23336,
        "long_win": 9747
      },
      "pred_dist": {
        "short_win": 0.3471,
        "timeout": 0.4932,
        "long_win": 0.1597
      },
      "win_precision": 0.8938529492960339,
      "win_recall": 0.9937592715739936,
      "win_f1": 0.9411622217377613,
      "expected_value": 0.0021490015643691913,
      "filtered_ev": 0.006070588235294118,
      "risk_adjusted_ev": 0.9540843375073942
    },
    {
      "epoch": 6,
      "val_acc": 0.7251253351987874,
      "macro_f1": 0.6290682730155718,
      "balanced_acc": 0.6431692571096265,
      "baseline_acc": 0.5461583304185613,
      "log_loss": 0.5950424075126648,
      "brier": 0.3377079367637634,
      "ece": 0.08827878782573219,
      "precision": {
        "short_win": 0.4764,
        "timeout": 0.995,
        "long_win": 0.4344
      },
      "recall": {
        "short_win": 0.6991,
        "timeout": 0.8992,
        "long_win": 0.3312
      },
      "support": {
        "short_win": 9759,
        "timeout": 23422,
        "long_win": 9704
      },
      "pred_dist": {
        "short_win": 0.3339,
        "timeout": 0.4935,
        "long_win": 0.1725
      },
      "win_precision": 0.8912523020257827,
      "win_recall": 0.9946051482299748,
      "win_f1": 0.9400966418182259,
      "expected_value": 0.0020753683241252303,
      "filtered_ev": 0.003933333333333334,
      "risk_adjusted_ev": 0.5892638799379285
    },
    {
      "epoch": 7,
      "val_acc": 0.7303952430919902,
      "macro_f1": 0.622785460477822,
      "balanced_acc": 0.6496463315909352,
      "baseline_acc": 0.545132330651743,
      "log_loss": 0.583828866481781,
      "brier": 0.33194106817245483,
      "ece": 0.08204398194962732,
      "precision": {
        "short_win": 0.4806,
        "timeout": 0.9987,
        "long_win": 0.4431
      },
      "recall": {
        "short_win": 0.7956,
        "timeout": 0.9003,
        "long_win": 0.2531
      },
      "support": {
        "short_win": 9842,
        "timeout": 23378,
        "long_win": 9665
      },
      "pred_dist": {
        "short_win": 0.3799,
        "timeout": 0.4914,
        "long_win": 0.1287
      },
      "win_precision": 0.893127321076521,
      "win_recall": 0.9986158814784436,
      "win_f1": 0.9429304419381382,
      "expected_value": 0.0022014396405483473,
      "filtered_ev": 0.0036,
      "risk_adjusted_ev": 0.48989794855663554
    }
  ]
}