{
  "fold": 8,
  "epochs": [
    {
      "epoch": 1,
      "val_acc": 0.4914772064824531,
      "macro_f1": 0.492613981309983,
      "balanced_acc": 0.4862028327893692,
      "baseline_acc": 0.3871750029147721,
      "log_loss": 0.9384821057319641,
      "brier": 0.5648346543312073,
      "ece": 0.034780977836116105,
      "precision": {
        "short_win": 0.4497,
        "timeout": 0.7085,
        "long_win": 0.3814
      },
      "recall": {
        "short_win": 0.5865,
        "timeout": 0.5556,
        "long_win": 0.3165
      },
      "support": {
        "short_win": 16604,
        "timeout": 12634,
        "long_win": 13647
      },
      "pred_dist": {
        "short_win": 0.5049,
        "timeout": 0.231,
        "long_win": 0.2641
      },
      "win_precision": 0.8297601358522607,
      "win_recall": 0.9045320815840798,
      "win_f1": 0.865534256974758,
      "expected_value": 0.001845201200836947
    },
    {
      "epoch": 2,
      "val_acc": 0.5050950215693133,
      "macro_f1": 0.5234044365785099,
      "balanced_acc": 0.5044405410552776,
      "baseline_acc": 0.3871750029147721,
      "log_loss": 0.8958186507225037,
      "brier": 0.5412865877151489,
      "ece": 0.02040329815916934,
      "precision": {
        "short_win": 0.445,
        "timeout": 0.8856,
        "long_win": 0.399
      },
      "recall": {
        "short_win": 0.5214,
        "timeout": 0.5264,
        "long_win": 0.4655
      },
      "support": {
        "short_win": 16604,
        "timeout": 12634,
        "long_win": 13647
      },
      "pred_dist": {
        "short_win": 0.4537,
        "timeout": 0.1751,
        "long_win": 0.3712
      },
      "win_precision": 0.8308457711442786,
      "win_recall": 0.9716042444877855,
      "win_f1": 0.8957288920718607,
      "expected_value": 0.0018106795567616465
    },
    {
      "epoch": 3,
      "val_acc": 0.5038358400373091,
      "macro_f1": 0.5245026924086774,
      "balanced_acc": 0.5058490215052057,
      "baseline_acc": 0.3871750029147721,
      "log_loss": 0.890787661075592,
      "brier": 0.5387884378433228,
      "ece": 0.025079296973530788,
      "precision": {
        "short_win": 0.4433,
        "timeout": 0.8967,
        "long_win": 0.397
      },
      "recall": {
        "short_win": 0.4853,
        "timeout": 0.5311,
        "long_win": 0.5011
      },
      "support": {
        "short_win": 16604,
        "timeout": 12634,
        "long_win": 13647
      },
      "pred_dist": {
        "short_win": 0.4238,
        "timeout": 0.1745,
        "long_win": 0.4017
      },
      "win_precision": 0.8326648211965426,
      "win_recall": 0.9744471257148524,
      "win_f1": 0.8979939987510092,
      "expected_value": 0.0017486074233094171
    },
    {
      "epoch": 4,
      "val_acc": 0.507823248221989,
      "macro_f1": 0.5265108107032983,
      "balanced_acc": 0.5074429211214149,
      "baseline_acc": 0.3871750029147721,
      "log_loss": 0.8875120282173157,
      "brier": 0.5370702147483826,
      "ece": 0.023126835655996505,
      "precision": {
        "short_win": 0.4481,
        "timeout": 0.8862,
        "long_win": 0.3957
      },
      "recall": {
        "short_win": 0.5248,
        "timeout": 0.5419,
        "long_win": 0.4557
      },
      "support": {
        "short_win": 16604,
        "timeout": 12634,
        "long_win": 13647
      },
      "pred_dist": {
        "short_win": 0.4534,
        "timeout": 0.1801,
        "long_win": 0.3665
      },
      "win_precision": 0.8353811149032992,
      "win_recall": 0.9709431093187002,
      "win_f1": 0.8980752472825673,
      "expected_value": 0.0017934015927189987
    }
  ]
}